{"cameraMode":{"drawMode":0,"name":"Shaded","section":"Shading Mode"},"sceneLighting":false,"audioPlay":false,"sceneViewState":{"showFog":true,"showMaterialUpdate":false,"showSkybox":true,"showFlares":true,"showImageEffects":true,"showParticleSystems":true},"in2DMode":false,"pivot":{"x":5.011249542236328,"y":-4.540685653686523,"z":-2.0962023735046388},"rotation":{"x":0.18068747222423554,"y":0.8151278495788574,"z":-0.34079602360725405,"w":0.43217676877975466},"size":21.846601486206056,"orthographic":false}