{"cameraMode":{"drawMode":0,"name":"Shaded","section":"Shading Mode"},"sceneLighting":false,"audioPlay":false,"sceneViewState":{"showFog":true,"showMaterialUpdate":false,"showSkybox":true,"showFlares":true,"showImageEffects":true,"showParticleSystems":true},"in2DMode":false,"pivot":{"x":0.2505335211753845,"y":2.1267549991607668,"z":-2.4204964637756349},"rotation":{"x":0.25633570551872256,"y":0.15032699704170228,"z":-0.04039323702454567,"w":0.9539718627929688},"size":2.323024272918701,"orthographic":false}